{"ongoing_trials": {}, "hyperparameters": {"space": [{"class_name": "Int", "config": {"name": "num_hidden_layers", "default": null, "conditions": [], "min_value": 1, "max_value": 3, "step": 1, "sampling": "linear"}}, {"class_name": "Int", "config": {"name": "neurons_input_layer", "default": null, "conditions": [], "min_value": 16, "max_value": 64, "step": 16, "sampling": "linear"}}, {"class_name": "Choice", "config": {"name": "activation_input_layer", "default": "relu", "conditions": [], "values": ["relu", "tanh"], "ordered": false}}, {"class_name": "Int", "config": {"name": "neurons_hidden_layer", "default": null, "conditions": [], "min_value": 16, "max_value": 64, "step": 16, "sampling": "linear"}}, {"class_name": "Choice", "config": {"name": "activation_hidden_layer", "default": "relu", "conditions": [], "values": ["relu", "tanh"], "ordered": false}}], "values": {"num_hidden_layers": 1, "neurons_input_layer": 16, "activation_input_layer": "relu", "neurons_hidden_layer": 16, "activation_hidden_layer": "relu"}}, "start_order": ["00", "01", "02", "03", "04", "05", "06", "07", "08", "09"], "end_order": ["00", "01", "02", "03", "04", "05", "06", "07", "08", "09"], "run_times": {"00": 1, "01": 1, "02": 1, "03": 1, "04": 1, "05": 1, "06": 1, "07": 1, "08": 1, "09": 1}, "retry_queue": [], "seed": 2974, "seed_state": 3025, "tried_so_far": ["95a02367c3b5a45130f9f112e9a50745", "71d1a9a345fa6fcca867babf7483630b", "d8b4a73b27bd52506124d179948b8068", "59504b0d7227f80dd1519aa41742ba8c", "aaefd5755ec04f4b626a5ef1861db251", "5ded266083ccea8d7b46b92352bff886", "14ad3499e0457eac37bf1e42f7285042", "dbd441b0110084da98ec37f0b0352e57", "9a39817fdc75824ff046e1d8ef48ca08", "efd38fb633715a43793bbb4d7793772d"], "id_to_hash": {"00": "aaefd5755ec04f4b626a5ef1861db251", "01": "d8b4a73b27bd52506124d179948b8068", "02": "5ded266083ccea8d7b46b92352bff886", "03": "dbd441b0110084da98ec37f0b0352e57", "04": "9a39817fdc75824ff046e1d8ef48ca08", "05": "71d1a9a345fa6fcca867babf7483630b", "06": "14ad3499e0457eac37bf1e42f7285042", "07": "efd38fb633715a43793bbb4d7793772d", "08": "95a02367c3b5a45130f9f112e9a50745", "09": "59504b0d7227f80dd1519aa41742ba8c"}, "display": {"search_start": "2024-11-30T20:08:20.612263", "trial_start": {"00": "2024-11-30T20:08:20.612263", "01": "2024-11-30T20:08:45.555479", "02": "2024-11-30T20:09:12.257120", "03": "2024-11-30T20:09:40.093270", "04": "2024-11-30T20:10:09.540434", "05": "2024-11-30T20:10:34.711664", "06": "2024-11-30T20:11:03.120111", "07": "2024-11-30T20:11:30.418909", "08": "2024-11-30T20:12:00.388115", "09": "2024-11-30T20:12:27.982449"}, "trial_number": {"00": 1, "01": 2, "02": 3, "03": 4, "04": 5, "05": 6, "06": 7, "07": 8, "08": 9, "09": 10}}}