{"trial_id": "03", "hyperparameters": {"space": [{"class_name": "Int", "config": {"name": "num_hidden_layers", "default": null, "conditions": [], "min_value": 1, "max_value": 3, "step": 1, "sampling": "linear"}}, {"class_name": "Int", "config": {"name": "neurons_input_layer", "default": null, "conditions": [], "min_value": 16, "max_value": 64, "step": 16, "sampling": "linear"}}, {"class_name": "Choice", "config": {"name": "activation_input_layer", "default": "relu", "conditions": [], "values": ["relu", "tanh"], "ordered": false}}, {"class_name": "Int", "config": {"name": "neurons_hidden_layer", "default": null, "conditions": [], "min_value": 16, "max_value": 64, "step": 16, "sampling": "linear"}}, {"class_name": "Choice", "config": {"name": "activation_hidden_layer", "default": "relu", "conditions": [], "values": ["relu", "tanh"], "ordered": false}}], "values": {"num_hidden_layers": 3, "neurons_input_layer": 16, "activation_input_layer": "relu", "neurons_hidden_layer": 48, "activation_hidden_layer": "tanh"}}, "metrics": {"metrics": {"accuracy": {"direction": "max", "observations": [{"value": [0.8721111218134562], "step": 0}]}, "loss": {"direction": "min", "observations": [{"value": [0.37745073437690735], "step": 0}]}, "val_accuracy": {"direction": "max", "observations": [{"value": [0.8755000233650208], "step": 0}]}, "val_loss": {"direction": "min", "observations": [{"value": [0.3662334978580475], "step": 0}]}}}, "score": 0.8755000233650208, "best_step": 0, "status": "COMPLETED", "message": null}