{"trial_id": "02", "hyperparameters": {"space": [{"class_name": "Int", "config": {"name": "num_hidden_layers", "default": null, "conditions": [], "min_value": 1, "max_value": 3, "step": 1, "sampling": "linear"}}, {"class_name": "Int", "config": {"name": "neurons_input_layer", "default": null, "conditions": [], "min_value": 16, "max_value": 64, "step": 16, "sampling": "linear"}}, {"class_name": "Choice", "config": {"name": "activation_input_layer", "default": "relu", "conditions": [], "values": ["relu", "tanh"], "ordered": false}}, {"class_name": "Int", "config": {"name": "neurons_hidden_layer", "default": null, "conditions": [], "min_value": 16, "max_value": 64, "step": 16, "sampling": "linear"}}, {"class_name": "Choice", "config": {"name": "activation_hidden_layer", "default": "relu", "conditions": [], "values": ["relu", "tanh"], "ordered": false}}], "values": {"num_hidden_layers": 2, "neurons_input_layer": 48, "activation_input_layer": "tanh", "neurons_hidden_layer": 32, "activation_hidden_layer": "relu"}}, "metrics": {"metrics": {"accuracy": {"direction": "max", "observations": [{"value": [0.8700555364290873], "step": 1}]}, "loss": {"direction": "min", "observations": [{"value": [0.3749864399433136], "step": 1}]}, "val_accuracy": {"direction": "max", "observations": [{"value": [0.8754861354827881], "step": 1}]}, "val_loss": {"direction": "min", "observations": [{"value": [0.3668947021166484], "step": 1}]}}}, "score": 0.8754861354827881, "best_step": 1, "status": "COMPLETED", "message": null}