{"trial_id": "01", "hyperparameters": {"space": [{"class_name": "Int", "config": {"name": "num_hidden_layers", "default": null, "conditions": [], "min_value": 1, "max_value": 3, "step": 1, "sampling": "linear"}}, {"class_name": "Int", "config": {"name": "neurons_input_layer", "default": null, "conditions": [], "min_value": 16, "max_value": 64, "step": 16, "sampling": "linear"}}, {"class_name": "Choice", "config": {"name": "activation_input_layer", "default": "relu", "conditions": [], "values": ["relu", "tanh"], "ordered": false}}, {"class_name": "Int", "config": {"name": "neurons_hidden_layer", "default": null, "conditions": [], "min_value": 16, "max_value": 64, "step": 16, "sampling": "linear"}}, {"class_name": "Choice", "config": {"name": "activation_hidden_layer", "default": "relu", "conditions": [], "values": ["relu", "tanh"], "ordered": false}}], "values": {"num_hidden_layers": 2, "neurons_input_layer": 48, "activation_input_layer": "relu", "neurons_hidden_layer": 16, "activation_hidden_layer": "relu"}}, "metrics": {"metrics": {"accuracy": {"direction": "max", "observations": [{"value": [0.8711944421132406], "step": 2}]}, "loss": {"direction": "min", "observations": [{"value": [0.37123839060465497], "step": 2}]}, "val_accuracy": {"direction": "max", "observations": [{"value": [0.8755416870117188], "step": 2}]}, "val_loss": {"direction": "min", "observations": [{"value": [0.36630623539288837], "step": 2}]}}}, "score": 0.8755416870117188, "best_step": 2, "status": "COMPLETED", "message": null}