{"trial_id": "08", "hyperparameters": {"space": [{"class_name": "Int", "config": {"name": "num_hidden_layers", "default": null, "conditions": [], "min_value": 1, "max_value": 3, "step": 1, "sampling": "linear"}}, {"class_name": "Int", "config": {"name": "neurons_input_layer", "default": null, "conditions": [], "min_value": 16, "max_value": 64, "step": 16, "sampling": "linear"}}, {"class_name": "Choice", "config": {"name": "activation_input_layer", "default": "relu", "conditions": [], "values": ["relu", "tanh"], "ordered": false}}, {"class_name": "Int", "config": {"name": "neurons_hidden_layer", "default": null, "conditions": [], "min_value": 16, "max_value": 64, "step": 16, "sampling": "linear"}}, {"class_name": "Choice", "config": {"name": "activation_hidden_layer", "default": "relu", "conditions": [], "values": ["relu", "tanh"], "ordered": false}}], "values": {"num_hidden_layers": 2, "neurons_input_layer": 16, "activation_input_layer": "relu", "neurons_hidden_layer": 48, "activation_hidden_layer": "relu"}}, "metrics": {"metrics": {"accuracy": {"direction": "max", "observations": [{"value": [0.8715659777323405], "step": 1}]}, "loss": {"direction": "min", "observations": [{"value": [0.37738094727198285], "step": 1}]}, "val_accuracy": {"direction": "max", "observations": [{"value": [0.8755139112472534], "step": 1}]}, "val_loss": {"direction": "min", "observations": [{"value": [0.3667066991329193], "step": 1}]}}}, "score": 0.8755139112472534, "best_step": 1, "status": "COMPLETED", "message": null}