{"trial_id": "05", "hyperparameters": {"space": [{"class_name": "Int", "config": {"name": "num_hidden_layers", "default": null, "conditions": [], "min_value": 1, "max_value": 3, "step": 1, "sampling": "linear"}}, {"class_name": "Int", "config": {"name": "neurons_input_layer", "default": null, "conditions": [], "min_value": 16, "max_value": 64, "step": 16, "sampling": "linear"}}, {"class_name": "Choice", "config": {"name": "activation_input_layer", "default": "relu", "conditions": [], "values": ["relu", "tanh"], "ordered": false}}, {"class_name": "Int", "config": {"name": "neurons_hidden_layer", "default": null, "conditions": [], "min_value": 16, "max_value": 64, "step": 16, "sampling": "linear"}}, {"class_name": "Choice", "config": {"name": "activation_hidden_layer", "default": "relu", "conditions": [], "values": ["relu", "tanh"], "ordered": false}}], "values": {"num_hidden_layers": 2, "neurons_input_layer": 64, "activation_input_layer": "relu", "neurons_hidden_layer": 32, "activation_hidden_layer": "tanh"}}, "metrics": {"metrics": {"accuracy": {"direction": "max", "observations": [{"value": [0.8725520769755045], "step": 3}]}, "loss": {"direction": "min", "observations": [{"value": [0.3678639034430186], "step": 3}]}, "val_accuracy": {"direction": "max", "observations": [{"value": [0.8755139112472534], "step": 3}]}, "val_loss": {"direction": "min", "observations": [{"value": [0.3664018114407857], "step": 3}]}}}, "score": 0.8755139112472534, "best_step": 3, "status": "COMPLETED", "message": null}