{"trial_id": "00", "hyperparameters": {"space": [{"class_name": "Int", "config": {"name": "num_hidden_layers", "default": null, "conditions": [], "min_value": 1, "max_value": 3, "step": 1, "sampling": "linear"}}, {"class_name": "Int", "config": {"name": "neurons_input_layer", "default": null, "conditions": [], "min_value": 16, "max_value": 64, "step": 16, "sampling": "linear"}}, {"class_name": "Choice", "config": {"name": "activation_input_layer", "default": "relu", "conditions": [], "values": ["relu", "tanh"], "ordered": false}}], "values": {"num_hidden_layers": 1, "neurons_input_layer": 48, "activation_input_layer": "relu"}}, "metrics": {"metrics": {"accuracy": {"direction": "max", "observations": [{"value": [0.8716909686724345], "step": 0}]}, "loss": {"direction": "min", "observations": [{"value": [0.377989540497462], "step": 0}]}, "val_accuracy": {"direction": "max", "observations": [{"value": [0.8755277991294861], "step": 0}]}, "val_loss": {"direction": "min", "observations": [{"value": [0.36781540513038635], "step": 0}]}}}, "score": 0.8755277991294861, "best_step": 0, "status": "COMPLETED", "message": null}