{"trial_id": "06", "hyperparameters": {"space": [{"class_name": "Int", "config": {"name": "num_hidden_layers", "default": null, "conditions": [], "min_value": 1, "max_value": 3, "step": 1, "sampling": "linear"}}, {"class_name": "Int", "config": {"name": "neurons_input_layer", "default": null, "conditions": [], "min_value": 16, "max_value": 64, "step": 16, "sampling": "linear"}}, {"class_name": "Choice", "config": {"name": "activation_input_layer", "default": "relu", "conditions": [], "values": ["relu", "tanh"], "ordered": false}}, {"class_name": "Int", "config": {"name": "neurons_hidden_layer", "default": null, "conditions": [], "min_value": 16, "max_value": 64, "step": 16, "sampling": "linear"}}, {"class_name": "Choice", "config": {"name": "activation_hidden_layer", "default": "relu", "conditions": [], "values": ["relu", "tanh"], "ordered": false}}], "values": {"num_hidden_layers": 2, "neurons_input_layer": 32, "activation_input_layer": "relu", "neurons_hidden_layer": 48, "activation_hidden_layer": "relu"}}, "metrics": {"metrics": {"accuracy": {"direction": "max", "observations": [{"value": [0.8726805448532104], "step": 4}]}, "loss": {"direction": "min", "observations": [{"value": [0.3653961817423503], "step": 4}]}, "val_accuracy": {"direction": "max", "observations": [{"value": [0.8755694627761841], "step": 4}]}, "val_loss": {"direction": "min", "observations": [{"value": [0.36512769261995953], "step": 4}]}}}, "score": 0.8755694627761841, "best_step": 4, "status": "COMPLETED", "message": null}